# of generated path, # of segments, [segID, # of overlaps on that segment]
870,14,0,70,1,61,2,238,3,277,4,277,5,340,6,305,7,305,8,337,9,244,10,310,11,281,12,131,13,96
552,50,14,315,15,338,16,278,17,361,18,361,19,361,20,361,21,361,22,361,23,361,24,361,25,361,26,451,27,451,28,451,29,451,30,451,31,520,32,520,33,520,34,520,35,520,36,520,37,520,38,327,39,327,40,327,41,327,42,327,43,327,44,327,45,327,46,327,47,327,48,327,49,327,50,327,51,327,52,327,53,327,54,327,55,327,56,327,57,327,58,327,59,327,60,327,61,303,62,49,63,25
1224,110,64,413,65,449,66,593,67,629,68,645,69,701,70,701,71,701,72,701,73,701,74,701,75,701,76,701,77,701,78,701,79,701,80,701,81,701,82,701,83,701,84,701,85,701,86,701,87,701,88,701,89,701,90,701,91,701,92,701,93,701,94,701,95,701,96,701,97,701,98,701,99,701,100,701,101,701,102,701,103,701,104,701,105,701,106,701,107,701,108,701,109,701,110,1075,111,1075,112,1075,113,1075,114,1075,115,1075,116,1075,117,1075,118,1075,119,1075,120,1075,121,1075,122,1075,123,1075,124,1075,125,1075,126,1075,127,1075,128,1075,129,1075,130,1075,131,1075,132,1075,133,1075,134,1075,135,1075,136,1075,137,1075,138,1075,139,1075,140,1075,141,1075,142,1075,143,1075,144,1075,145,1075,146,1075,147,1075,148,1075,149,1075,150,1075,151,1075,152,1075,153,1075,154,1075,155,1075,156,1075,157,1075,158,1075,159,1075,160,1075,161,893,162,791,163,791,164,724,165,553,166,519,167,485,168,417,169,451,170,292,171,258,172,224,173,20
1025,98,174,51,175,126,176,626,177,651,178,651,179,676,180,676,181,676,182,676,183,676,184,676,185,676,186,676,187,940,188,940,189,940,190,940,191,940,192,940,193,940,194,1015,195,1015,196,1015,197,1015,198,1015,199,1015,200,1015,201,1015,202,1015,203,1015,204,1015,205,1015,206,1015,207,1015,208,1015,209,1015,210,1015,211,1015,212,1015,213,1015,214,1015,215,1015,216,1015,217,1015,218,1015,219,1015,220,1015,221,1015,222,1015,223,1015,224,1015,225,1015,226,1015,227,1015,228,1015,229,1015,230,1015,231,1015,232,1015,233,1015,234,1015,235,1015,236,1015,237,1015,238,1015,239,1015,240,1015,241,1015,242,1015,243,1015,244,1015,245,1015,246,1015,247,1015,248,1015,249,1015,250,1015,251,1015,252,1015,253,1015,254,1015,255,1015,256,1015,257,1015,258,1015,259,1015,260,1015,261,698,262,698,263,698,264,698,265,698,266,698,267,698,268,698,269,698,270,656,271,657
2544,30,272,37,273,37,274,90,275,74,276,74,277,74,278,74,279,74,280,74,281,74,282,74,283,74,284,100,285,100,286,100,287,100,288,100,289,100,290,100,291,1482,292,1482,293,1434,294,1279,295,1231,296,942,297,451,298,280,299,232,300,184,301,154
616,20,302,67,303,67,304,67,305,67,306,16,307,16,308,16,309,16,310,16,311,225,312,225,313,225,314,225,315,222,316,244,317,244,318,244,319,244,221,51,222,51
528,29,320,279,321,327,322,228,323,423,324,423,325,423,326,423,327,423,328,423,329,423,330,423,331,423,332,423,333,383,334,383,335,438,336,159,337,148,338,137,339,82,340,127,341,116,342,50,343,39,344,59,345,39,346,72,347,50,348,39
1617,43,349,34,350,269,351,442,352,617,353,772,354,772,355,772,356,772,357,551,358,551,359,551,360,551,361,1298,362,1298,363,1298,364,1298,365,1226,366,1226,367,1226,368,1226,369,1226,370,1226,371,1226,372,1226,373,1226,374,1226,375,1226,376,1226,377,1226,378,1226,379,1226,380,1226,381,1226,382,1226,383,1226,384,1079,385,1177,386,981,387,589,388,540,389,491,390,148,391,99
264,34,392,12,393,23,394,78,395,177,396,188,397,160,398,210,399,243,400,243,401,243,402,243,403,265,404,265,405,265,406,265,407,265,408,265,409,265,410,265,411,265,412,265,413,265,414,265,415,217,416,217,417,217,418,217,419,217,420,217,421,193,422,193,423,193,424,138,425,73
2948,52,426,1440,427,2186,428,2186,429,2186,430,2454,431,2454,432,2454,433,2454,350,2454,351,2454,353,2454,354,2454,355,2454,356,2454,434,2454,435,2454,436,2454,437,2454,438,2454,439,2454,109,2454,440,2454,306,2256,307,2256,308,2256,309,2256,310,2256,441,2256,442,2256,443,2256,444,2256,445,2256,446,2256,447,2256,448,2256,449,2256,450,2256,451,2256,452,2196,453,2196,454,2196,455,3312,456,2062,457,879,458,745,459,678,460,678,461,678,462,879,463,705,464,459,465,336
836,78,466,20,467,39,468,153,469,685,470,704,471,723,472,624,473,761,474,761,475,761,476,761,477,761,478,761,479,761,480,761,481,761,482,761,483,761,484,761,485,761,486,761,487,761,488,761,489,761,490,780,491,780,492,780,493,780,494,780,495,780,496,780,497,837,498,837,499,837,500,837,501,837,502,837,503,837,504,837,505,837,506,837,507,837,508,837,509,837,510,837,511,837,512,837,513,837,514,837,34,837,35,837,36,837,37,837,38,837,39,837,40,837,41,837,42,837,43,837,44,837,515,573,516,573,517,573,518,573,519,573,520,573,521,573,522,573,523,573,524,573,525,573,526,529,527,397,528,353,529,309,530,177,531,133,532,45
476,19,74,240,75,347,76,418,533,284,77,446,78,446,79,446,80,446,81,446,82,446,83,446,84,446,85,446,86,446,87,446,534,215,535,198,536,198,88,367
1534,17,233,333,537,288,234,384,235,718,236,777,538,391,237,366,238,588,239,428,240,428,241,369,242,343,243,321,244,361,245,83,539,61,540,83
826,20,229,315,230,374,231,430,232,430,233,430,234,421,235,421,236,421,541,248,542,248,543,248,544,253,545,248,546,368,547,25,548,25,549,297,550,254,551,254,552,249
650,7,553,9,554,9,555,9,556,9,557,9,558,27,559,22
567,25,560,71,561,92,562,218,563,239,564,321,565,314,566,342,567,317,568,246,569,246,570,246,571,246,572,244,573,244,574,244,575,244,576,244,577,244,578,244,579,192,580,217,581,136,582,109,583,82,584,55
105,37,585,10,68,73,69,91,70,91,71,91,72,91,73,91,74,91,75,91,76,91,77,106,78,106,79,106,80,106,81,106,82,106,83,106,84,106,85,106,86,106,87,106,88,106,89,106,90,106,91,106,92,106,93,106,94,106,95,106,96,106,97,36,98,36,586,36,587,36,588,36,589,36,590,36
1287,19,591,157,592,196,593,235,594,426,595,500,596,368,597,407,598,822,599,749,600,861,601,702,602,804,603,762,604,746,605,490,606,511,607,478,608,478,609,210
245,169,610,50,611,99,612,148,613,148,614,246,615,246,616,246,617,246,618,246,619,246,620,246,621,246,622,246,623,246,624,246,625,246,626,246,627,246,628,246,629,246,630,246,631,246,632,246,633,246,634,246,635,246,636,246,637,246,638,246,639,246,640,246,641,246,642,246,643,246,644,246,645,246,646,246,647,246,648,246,649,246,650,246,651,246,652,246,653,246,654,246,655,246,656,246,657,246,658,246,659,246,660,246,661,246,662,246,663,246,664,246,665,246,666,246,667,246,668,246,669,246,670,246,671,246,672,246,673,246,674,246,675,246,676,246,677,246,678,246,679,246,680,246,681,246,682,246,683,246,684,246,685,246,686,246,687,246,688,246,689,246,690,246,691,246,692,246,693,246,694,246,695,246,696,246,697,246,698,246,699,246,700,246,701,246,702,246,703,246,704,246,705,246,706,246,707,246,708,246,709,246,710,246,711,246,712,246,713,246,714,246,715,246,716,246,717,246,718,246,719,246,720,246,721,246,722,246,723,246,724,246,725,246,726,246,727,246,728,246,729,246,730,246,731,246,732,246,733,246,734,246,735,246,736,246,737,246,738,246,739,246,740,246,741,246,742,246,743,246,744,246,745,246,746,246,747,246,748,246,749,246,750,246,751,246,752,246,753,246,754,21,755,21,756,21,757,21,758,21,759,21,760,21,761,21,762,21,763,21,764,21,765,21,766,21,767,21,768,21,769,21,770,21,771,21,772,21,773,21,774,16,775,16,776,11,777,11,778,6
646,9,779,18,780,18,781,306,782,230,783,230,784,154,785,116,786,116,787,116
630,123,788,71,403,316,404,351,405,421,789,211,406,456,407,456,408,456,409,456,410,456,411,456,412,456,413,456,414,456,790,456,791,456,792,456,793,456,794,456,795,456,796,456,797,456,798,456,799,456,96,631,97,631,98,631,99,631,100,631,101,631,102,631,103,631,104,631,105,631,106,631,107,631,108,631,109,631,110,631,111,631,112,631,113,631,277,631,278,631,279,631,280,631,281,631,282,631,283,631,800,631,801,631,802,631,803,631,804,631,805,631,806,631,807,631,808,631,809,631,810,631,811,631,812,631,813,631,814,631,815,631,816,631,817,631,818,631,819,631,820,631,821,631,822,631,31,631,32,631,33,631,34,631,35,631,36,631,37,631,38,631,39,631,40,631,41,631,42,631,43,631,44,631,515,631,516,631,517,631,518,631,823,631,824,631,825,631,826,631,827,631,828,631,829,631,830,631,831,631,832,631,833,631,834,631,835,631,836,631,837,631,838,379,839,379,840,379,841,379,842,379,843,379,844,289,845,289,846,289,847,289,848,289,849,271,850,271,851,145,852,109,853,91,854,73,855,55
1456,24,856,73,857,99,858,151,859,385,860,437,861,619,862,645,863,695,864,721,865,747,866,773,361,669,362,985,867,392,363,1011,364,1161,868,1019,869,912,870,960,871,904,872,848,873,680,874,568,875,221
728,69,876,209,877,233,878,211,879,259,880,441,881,441,882,441,883,441,884,441,885,441,886,441,887,441,888,385,889,385,890,385,891,385,892,385,893,385,894,673,895,673,896,673,897,673,898,673,899,673,900,673,901,673,902,673,903,673,904,673,905,673,906,673,907,673,908,673,909,673,910,673,911,673,912,673,913,673,914,673,915,673,916,673,917,673,918,673,919,673,920,673,921,673,922,673,923,673,924,673,925,673,926,673,927,673,928,673,929,673,930,673,931,673,932,673,933,673,934,673,935,673,936,673,937,309,938,309,939,309,940,309,941,281,942,253,943,57,944,29
903,69,910,130,911,216,912,302,913,388,945,431,946,603,947,603,948,646,949,861,950,861,951,861,952,861,953,861,954,861,955,861,956,861,957,861,958,861,959,861,960,861,961,861,962,861,963,861,964,899,965,899,966,899,967,899,968,899,969,899,970,899,971,899,972,899,973,899,974,899,975,899,976,899,977,899,978,899,979,899,980,899,981,899,982,899,983,899,984,899,985,899,986,899,987,899,988,819,989,819,990,819,991,819,992,819,993,798,994,798,995,798,996,798,997,798,998,798,999,798,1000,798,1001,756,1002,777,1003,735,1004,651,1005,147,1006,105,1007,105,1008,64,1009,43
640,55,1010,201,1011,241,549,281,550,321,1012,260,551,361,552,361,1013,361,1014,190,1015,190,1016,190,1017,190,1018,190,1019,190,1020,190,1021,190,1022,190,1023,190,1024,190,1025,190,1026,190,1027,190,1028,190,1029,190,1030,190,1031,190,1032,190,1033,190,1034,190,1035,190,1036,190,1037,190,1038,190,1039,190,1040,190,1041,190,1042,190,1043,190,1044,190,1045,190,1046,190,1047,190,1048,190,1049,190,1050,190,1051,190,1052,46,1053,46,1054,46,1055,46,1056,46,1057,37,1058,37,1059,37,1060,37
1104,149,1061,65,1062,81,1063,193,1064,209,1065,225,1066,241,1067,369,1068,385,1069,561,1070,689,1071,545,1072,721,1073,769,1074,769,1075,769,1076,769,1077,769,1078,769,1079,769,1080,769,1081,769,1082,769,1083,769,1084,769,1085,769,1086,769,1087,769,1088,769,1089,769,1090,769,1091,769,1092,769,1093,769,1094,769,1095,769,1096,769,1097,769,1098,769,1099,769,1100,769,1101,769,1102,769,1103,769,1104,769,1105,769,1106,769,1107,769,1108,769,1109,769,1110,769,1111,769,1112,769,1113,769,1114,769,1115,769,1116,769,1117,769,1118,769,1119,769,1120,769,1121,769,1122,769,1123,769,1124,769,1125,769,1126,769,1127,769,1128,769,1129,769,1130,769,1131,769,1132,769,1133,769,1134,769,1135,769,1136,769,1137,769,1138,769,1139,769,1140,769,1141,769,1142,769,1143,769,1144,769,1145,769,1146,769,1147,769,1148,769,1149,769,1150,769,1151,769,1152,769,1153,769,1154,769,1155,769,1156,769,1157,769,1158,769,1159,769,1160,769,1161,769,1162,769,1163,769,1164,769,1165,769,1166,769,1167,769,1168,769,1169,769,1170,769,1171,769,1172,769,1173,769,1174,769,1175,769,1176,769,1177,769,1178,769,1179,769,1180,769,1181,769,1182,769,1183,769,1184,769,1185,769,1186,769,1187,1105,1188,1105,1189,1105,1190,1105,1191,1105,1192,1105,1193,1105,1194,1105,1195,1105,1196,1105,1197,1105,1198,1105,1199,1105,1200,1105,1201,1105,1202,415,1203,415,1204,415,1205,415,1206,278,1207,346,1208,208,1209,139
374,138,1210,45,1010,133,1011,155,549,177,550,199,551,221,552,221,1013,221,1014,221,1015,221,1016,221,1017,221,1018,221,1019,221,1020,221,1021,221,1022,221,1023,221,1024,221,1025,221,1026,221,1027,221,1028,221,1029,221,1030,221,1031,221,1032,221,1033,221,1034,221,1035,221,1036,221,1037,221,1038,221,1039,221,1040,221,1041,221,1042,221,1043,221,1044,221,1045,221,1046,221,1047,221,1048,221,1049,221,1050,221,1051,221,1052,221,1053,221,1054,221,1055,221,1056,221,1057,221,1058,375,1211,375,1212,375,1213,375,1214,375,1215,375,1216,375,1217,375,1218,375,1219,375,1220,375,1221,375,1222,375,1223,375,1224,375,1225,375,1226,375,1227,375,1228,375,1229,375,1230,375,1231,375,1232,375,1233,375,1234,375,1235,375,1236,375,1237,375,1238,375,1239,375,1240,375,1241,375,1242,375,1243,375,1244,375,1245,375,1246,375,1247,375,1248,375,1249,375,1250,375,1251,375,1252,375,1253,375,1254,375,1255,375,1256,375,1257,375,1258,375,1259,375,1260,375,1261,375,1262,375,1263,375,1264,375,1265,375,1266,375,1267,375,1268,375,1269,375,1270,375,1271,375,1272,375,1273,375,1274,375,1275,375,1276,375,1277,375,1278,375,1279,375,1280,375,1281,375,1282,375,1283,375,1284,375,1285,375,1286,375,1287,375,1288,375,1289,375,1290,324,1291,324,1292,239,1293,120,1294,103,1295,69
858,22,1296,28,1297,62,1298,114,1299,140,1300,167,1301,47,1302,62,1303,62,1304,64,1305,64,1306,64,1307,64,1308,64,1309,64,1310,31,1311,25,1312,25,1313,58,1314,58,1315,133,1316,100,1317,34
812,11,1318,33,1319,93,1320,205,1321,274,1322,218,1323,246,1324,443,1325,362,1326,414,1327,325,1328,238
648,11,1329,223,1330,336,1331,336,1332,336,1333,146,1334,146,1335,159,1336,159,1337,159,1338,123,1339,87
1287,25,103,65,1340,34,104,94,105,94,106,94,107,94,108,94,109,94,110,1018,111,1018,112,1018,113,1018,114,1018,115,1242,116,1242,117,1242,118,1242,119,1242,120,1242,121,429,122,429,123,429,124,429,125,429,126,429
1232,81,159,51,160,81,1341,31,1342,47,1343,199,1344,215,1345,217,1346,367,1347,409,1348,425,1349,438,1350,438,1351,454,1352,454,1353,454,1354,454,1355,454,1356,454,1357,454,1358,463,1359,463,1360,463,1361,463,1362,479,1363,479,1364,479,1365,479,1366,479,1367,479,1368,479,1369,479,1370,479,1371,479,1372,479,1373,479,1374,479,1375,479,1376,479,515,479,516,479,517,479,518,479,823,479,824,479,825,479,826,479,827,479,828,479,829,479,830,479,831,479,832,479,833,479,834,479,835,479,836,479,837,479,838,479,839,479,840,479,841,479,842,479,843,479,1377,411,1378,411,1379,411,1380,411,1381,411,1382,184,1383,184,1384,184,560,184,561,184,562,184,563,184,564,184,566,184,1385,184,1386,184,1387,115,1388,129
119,71,1210,29,1010,78,1011,85,549,106,550,113,1012,71,551,120,552,120,1013,120,1014,120,1015,120,1016,120,1017,120,1018,120,1019,120,1020,120,1021,120,1022,120,1023,120,1024,120,1025,120,1026,120,1027,120,1028,120,1029,120,1030,120,1031,120,1032,120,1033,120,1034,120,1035,120,1036,120,1037,120,1038,120,1039,120,1040,120,1041,120,1042,120,1043,120,1389,120,1390,120,1391,120,1392,120,1393,120,1394,120,1395,120,1396,120,1397,120,1398,120,1399,120,1400,120,1401,120,1402,120,1403,120,1404,120,1405,120,1406,120,1407,120,1408,120,1409,120,1410,120,1411,120,1412,120,1413,120,1414,120,1415,81,1416,103,1417,86,1418,69,1419,52,1420,35
2829,175,1061,165,1062,206,1063,493,1064,534,1065,575,1066,616,1067,944,1068,985,1069,1436,1070,1764,1071,1395,1072,1846,1073,1969,1074,1969,1075,1969,1076,2789,1077,2789,1078,2789,1079,2789,1080,2789,1081,2789,1421,2789,1422,2789,1423,2789,1424,2789,1425,2789,1426,2789,1427,2789,1428,2789,1429,2789,1430,2789,1431,2789,1432,2789,1433,2789,1434,2789,1435,2789,1436,2789,1437,2789,1438,2789,1439,2789,1440,2789,1441,2789,1442,2789,1443,2789,1444,2789,1445,2789,1446,2789,1447,2789,1448,2789,1449,2789,1450,2789,1451,2789,1452,2830,1453,2830,1454,2830,1455,2830,1456,2830,1457,2830,1458,2830,1459,2830,1460,2830,1461,2830,1462,2830,1463,2830,1464,2830,1465,2830,1466,2830,1467,2830,1468,2830,1469,2830,1470,2830,1471,2830,1472,2830,1473,2830,1474,2830,1475,2830,1476,2830,1477,2830,1478,2830,1479,2830,1480,2830,1481,2830,1482,2830,1483,2830,1484,2830,1485,2830,1486,2830,1487,2830,1488,2830,1489,2830,1490,2830,1491,2830,1492,2830,1493,2830,1494,2830,1495,2830,1496,2830,1497,2830,1498,2830,1499,2830,1500,2830,1501,2830,1502,2830,1503,2830,1504,2830,1505,2830,1506,2830,1507,2830,1508,2830,1509,2830,1510,2830,1511,2830,1512,2830,1513,2830,1514,2830,1515,2830,1516,2830,1517,2830,1518,2830,1519,2830,1520,2830,1521,2830,1522,2830,1523,2830,1524,2830,1525,2830,1526,2830,1527,2830,1528,2830,1529,2830,1530,2830,1531,2830,1532,2830,1533,2830,1534,2830,1535,2830,1536,2830,1537,2830,1538,2830,1539,2830,1540,2830,1541,2830,1542,2830,1543,2830,1544,2830,1545,2830,1546,2830,1547,2830,1548,2830,1549,2830,1550,2830,1551,2830,1552,2830,1553,2830,1554,2209,1555,2209,1556,2209,1557,2209,1558,2209,1559,2209,1560,2209,1561,2209,340,2209,341,2209,1562,2209,479,2209,480,2209,481,2209,482,2209,483,2209,1563,2140,484,2140,485,2071,486,967,487,898
2288,34,1564,265,1565,529,1566,573,1567,767,1568,925,1569,925,1570,925,1571,925,1572,925,1573,925,1574,1717,1575,1717,1576,1717,1577,1717,1578,1717,1579,1717,1580,2289,1581,2289,1582,2289,1583,2289,1584,2289,1585,2289,1586,2289,1587,2289,1588,1869,1589,2185,1590,2133,1591,2081,1592,1925,1593,1873,1594,1821,1595,1561,1596,1457,1597,1405
78,65,1598,27,1599,27,1600,79,1601,79,1602,79,1603,79,1604,79,1605,79,1606,79,1607,79,1608,79,1609,79,1610,79,1611,79,1612,79,1613,79,1614,79,1615,79,1616,79,1617,79,1618,79,1619,79,1620,79,1621,79,1622,79,1623,73,1624,73,1625,73,1626,73,1627,73,1628,73,1629,73,1630,73,1631,73,1632,73,1633,73,1634,73,1635,73,1636,73,1637,73,1638,73,1639,73,1640,73,1641,73,1642,73,1643,73,1644,73,1645,73,1646,73,1647,73,1648,73,1649,73,1650,73,1651,73,1652,73,1653,73,1654,64,1655,64,364,64,868,61,869,55,870,58,871,55,872,52,873,43
1001,65,159,40,160,53,1341,66,1342,127,1343,309,1344,322,1345,335,1346,734,1347,773,1348,786,1349,799,1350,740,1351,812,1352,835,1353,835,1354,835,1656,835,1657,835,1658,835,1659,835,1660,835,1661,835,1662,835,1663,835,1664,835,1665,835,1666,835,1667,835,1668,835,1669,835,1670,835,1671,835,1672,835,1673,835,1674,835,1675,835,1676,835,1677,835,1678,835,1679,835,1680,835,1681,835,1682,835,1683,835,1684,835,1685,835,1686,835,1687,835,1688,835,1689,967,1690,967,1691,967,1692,967,1693,967,1694,967,1695,967,1696,967,1697,967,1698,967,1699,967,1700,967,1701,967,1702,967,1703,967,1704,967
216,18,1705,143,1706,143,1210,143,1010,143,1011,143,549,143,550,143,551,143,552,143,1013,143,1014,143,1015,143,1707,117,1016,109,1017,101,1018,60,1019,48,1708,22
476,45,1709,29,1710,57,74,231,75,315,76,399,533,253,77,427,78,427,79,427,80,427,81,427,82,427,83,427,84,427,85,427,86,427,87,427,88,427,89,427,90,427,91,427,92,427,93,427,94,427,95,427,96,427,97,427,98,427,99,427,100,427,101,427,102,427,103,301,104,301,105,273,106,273,107,273,108,273,109,273,440,273,1711,273,1712,273,875,273,1713,290,1714,69
870,21,1321,149,1322,179,1715,139,1716,199,1717,595,1718,625,1719,587,1720,553,1721,553,1722,553,1723,553,1724,553,77,669,78,669,79,669,80,692,81,692,82,692,83,692,84,692,85,692
520,16,1725,17,1211,282,1726,321,1727,219,1728,361,1729,361,1730,350,1731,350,1732,239,1733,239,1734,239,1735,239,1736,185,1737,189,1738,151,1739,163
990,73,360,421,1740,421,361,451,362,451,363,451,800,721,801,721,802,721,803,721,804,721,805,721,806,991,807,991,808,991,809,991,810,991,811,991,812,991,813,991,814,991,815,991,816,991,817,991,818,991,1741,991,1742,991,1743,991,1744,991,1745,991,1746,991,1747,991,1748,991,1749,991,1750,991,1751,991,1752,991,1753,991,1754,991,1755,991,1756,991,1757,991,1758,991,1759,991,1760,991,1761,991,1762,991,1763,991,1764,991,1765,991,1766,991,1767,991,1768,991,1769,991,1770,991,1771,991,1772,958,1773,958,1774,958,1775,958,1776,628,1777,628,1778,628,1779,595,1780,595,1781,595,1782,595,1783,595,1784,595,1785,595,1786,522,1787,529,1788,397,1789,100
1740,79,1039,61,1040,781,1790,841,1791,1021,1792,1201,1793,1141,1794,1261,1795,1261,1796,1261,1797,1261,1798,1261,1799,1261,395,1261,396,1261,398,1261,399,1261,400,1261,401,1261,402,1261,403,1261,404,1261,405,1261,406,1261,407,1261,408,1261,409,1261,410,1261,411,1261,412,1261,413,1261,414,1261,790,1261,791,1261,792,1261,793,1261,794,1261,795,1261,796,1261,797,1261,798,1261,799,1261,96,1741,97,1741,98,1741,99,1741,100,1741,101,1741,102,1741,103,1741,104,1741,105,1741,106,1741,107,1741,108,1741,109,1741,110,1741,111,1741,112,1741,113,1741,277,1161,278,1161,279,1161,280,1161,281,1161,282,1161,283,1161,800,1161,801,1161,802,1161,803,1161,804,1161,805,1161,806,1161,807,1161,1800,88,1801,88,18,88,19,88,1802,30
1242,118,1061,73,1062,91,1063,217,1064,235,1065,253,1066,271,1067,415,1068,433,1069,631,1070,775,1071,613,1072,811,1073,865,1074,865,1075,865,1076,1225,1077,1225,1078,1225,1079,1225,1080,1225,1081,1225,1421,1225,1422,1225,1423,1225,1424,1225,1425,1225,1426,1225,1427,1225,1428,1225,1429,1225,1430,1225,1431,1225,1432,1225,1433,1225,1434,1225,1435,1225,1436,1225,1437,1225,1438,1225,1439,1225,1440,1225,1441,1225,1442,1225,1443,1225,1444,1225,1445,1225,1446,1225,1447,1225,1448,1225,1449,1225,1450,1225,1451,1225,1452,1243,1453,1243,1454,1243,1455,1243,1456,1243,1457,1243,1458,1243,1459,1243,1460,1243,1461,1243,1462,1243,1463,1243,1464,1243,1465,1243,1466,1243,1467,1243,1468,1243,1469,1243,1470,1243,1471,1243,1472,1243,1473,1243,1803,1243,1804,1243,1805,1243,1806,1243,1807,1243,1808,1243,1809,1243,1810,1243,1811,1243,1812,1243,1813,1243,1814,1243,1815,1243,1816,1243,1817,1243,1818,1243,1819,1243,1820,1243,1821,1243,1822,1243,1823,1243,1824,1243,1825,1243,1826,1243,1827,1243,1828,1243,1829,1243,1830,415,1831,415,1717,415,1718,415,1720,415,1721,415,1722,415,1723,415,1724,415,77,277,78,277,79,208,1335,208,1336,208,1337,208,1338,139,1339,70
2332,48,1832,322,1833,366,1834,850,1835,341,1836,385,1837,429,291,395,1838,473,1839,473,1840,431,1841,431,1842,431,1843,431,1844,431,1845,431,1846,431,1847,431,1848,431,1849,431,1850,431,1851,431,1852,431,381,822,382,822,383,822,385,822,386,822,387,822,388,822,389,822,1853,822,1854,822,1855,822,1856,822,1857,822,1858,822,1859,822,1860,822,1861,822,1862,813,1863,841,1864,841,1865,841,1866,841,1867,841,1868,872,1520,872,464,589
986,14,1869,59,1870,87,1871,133,1872,161,1873,173,1874,173,1875,173,1876,173,1877,287,1878,25,1879,171,1880,171,1881,151,1882,119
1440,62,1883,97,1828,241,1829,289,1830,433,1831,481,1717,625,1718,673,1720,721,1721,721,1722,721,1723,721,1724,721,77,913,78,913,79,913,80,913,81,913,82,913,83,913,84,913,85,913,86,913,87,913,88,913,89,913,90,913,91,913,92,913,93,913,94,913,95,913,96,913,97,913,98,913,586,913,587,913,588,913,1884,913,1885,913,1886,913,1887,913,1888,913,1889,913,1890,913,1891,913,1892,913,1549,1441,1550,1441,1551,1441,1552,1171,1553,1201,1554,991,1555,991,1695,541,273,511,1696,481,1893,751,333,601,334,601,1894,121,1895,121,1896,91
1517,46,1897,21,1898,192,1899,192,1900,233,1901,233,1902,274,1903,315,1904,315,1905,315,1906,315,1907,315,1908,315,1909,315,1910,315,1911,315,1912,315,1352,490,1353,490,1354,490,1656,490,1657,385,1658,385,1659,385,1660,385,1661,385,1662,295,1663,295,1664,295,1665,295,1666,295,1667,295,1668,295,1669,295,1670,295,1671,295,1672,295,1673,295,1674,295,1675,295,1676,295,1677,295,1678,295,1913,258,1679,258,1680,124,1914,38
782,30,4,24,5,47,1915,70,1916,162,1917,208,1918,647,1919,591,1920,670,1921,670,1922,670,1923,670,1924,716,1925,716,1926,716,1927,716,1928,716,1929,716,1930,716,1931,716,1932,696,1933,733,1934,571,1935,571,1936,237,1937,169,1938,111,1939,77,1940,71,1941,37,1942,37
1656,165,1943,25,1944,49,1945,73,1946,97,1947,92,1948,121,1949,145,1950,169,1070,1033,1072,1081,1073,1153,1074,1153,1075,1153,1076,1633,1077,1633,1078,1633,1079,1633,1080,1633,1081,1633,1421,1633,1422,1633,1423,1633,1424,1633,1425,1633,1426,1633,1427,1633,1428,1633,1429,1633,1430,1633,1431,1633,1432,1633,1433,1633,1434,1633,1435,1633,1436,1633,1437,1633,1438,1633,1439,1633,1440,1633,1441,1633,1442,1633,1443,1633,1444,1633,1445,1633,1446,1633,1447,1633,1448,1633,1449,1633,1450,1633,1451,1633,1452,1657,1453,1657,1454,1657,1455,1657,1456,1657,1457,1657,1458,1657,1459,1657,1460,1657,1461,1657,1462,1657,1463,1657,1464,1657,1465,1657,1466,1657,1467,1657,1468,1657,1469,1657,1470,1657,1471,1657,1472,1657,1473,1657,1474,1657,1475,1657,1476,1657,1477,1657,1478,1657,1479,1657,1480,1657,1481,1657,1482,1657,1483,1657,1484,1657,1485,1657,1486,1657,1487,1657,1488,1657,1489,1657,1490,1657,1491,1657,1492,1657,1493,1657,1494,1657,1495,1657,1496,1657,1497,1657,1498,1657,1499,1657,1500,1657,1501,1657,1502,1657,1503,1657,1504,1657,1505,1657,1506,1657,1507,1657,1508,1657,1509,1657,1510,1657,1511,1657,1512,1657,1513,1657,1514,1657,1515,1657,1516,1657,1517,1657,1951,1657,1952,1657,1953,1657,1954,1657,1955,1657,1956,1657,1957,1657,1958,1657,1959,1657,1960,1657,1961,1657,1962,1657,1963,1657,1964,1657,1965,1657,1966,1657,1967,1657,1968,1657,1969,1657,1970,1657,1971,1657,1972,1657,1973,1657,1974,1657,1975,1657,1976,1657,1977,1657,1978,1657,1979,1657,1980,1657,1981,1657,1982,1657,1983,1657,1984,1657,1985,1657,1986,1657,1987,1657,1988,1657,1989,1657,1990,1657,1991,1657,1992,1657,1993,2002,1994,1243,1995,346,1996,208,1997,70,1998,139,1999,70
1380,191,1061,81,1062,101,1063,241,1064,261,1065,281,1066,301,1067,461,2000,481,2001,741,2002,761,2003,781,2004,801,2005,821,2006,1037,2007,1141,2008,1141,2009,1141,2010,1141,2011,1141,2012,1141,2013,1141,2014,1141,2015,1141,2016,1141,2017,1141,2018,1141,2019,1141,2020,1141,2021,1141,2022,1141,2023,799,2024,799,2025,799,2026,799,2027,799,2028,799,2029,799,2030,799,2031,799,2032,799,2033,799,2034,799,2035,799,2036,799,2037,799,2038,799,2039,799,2040,799,2041,799,2042,799,2043,819,2044,819,2045,819,2046,819,2047,819,2048,819,2049,819,2050,819,2051,819,2052,819,2053,819,2054,819,2055,819,2056,819,2057,819,2058,819,2059,819,2060,819,2061,819,2062,819,2063,819,2064,819,2065,819,2066,819,2067,819,2068,819,2069,819,2070,819,2071,819,2072,819,2073,819,2074,819,2075,819,2076,819,2077,819,2078,819,2079,819,2080,819,2081,819,2082,819,2083,819,2084,819,2085,819,2086,819,2087,819,2088,819,2089,819,2090,819,2091,819,2092,819,2093,819,2094,819,2095,819,2096,819,2097,819,2098,819,2099,819,2100,819,2101,819,2102,819,2103,819,2104,819,2105,819,2106,819,2107,819,2108,819,2109,819,2110,819,2111,819,2112,819,2113,817,2114,817,2115,817,2116,817,2117,817,2118,817,2119,817,2120,817,2121,817,2122,817,2123,817,2124,817,2125,817,2126,817,2127,817,2128,817,2129,817,2130,817,2131,817,2132,916,2133,916,2134,916,2135,916,2136,916,2137,916,2138,916,2139,916,2140,916,2141,916,2142,916,2143,916,2144,916,2145,916,2146,916,2147,916,2148,916,2149,916,2150,916,2151,916,2152,916,2153,916,2154,916,2155,916,2156,916,2157,916,2158,916,2159,916,2160,916,2161,916,2162,916,2163,916,2164,916,2165,916,2166,916,2167,916,2168,916,2169,916,2170,916,2171,916,2172,916,2173,916,2174,916,2175,916,2176,916,2177,916,2178,916,2179,916,2180,673,2181,462,2182,277,2183,70
140,248,2184,57,2185,85,2186,113,2187,113,2188,113,2189,113,2190,113,2191,113,2192,113,2193,113,2194,113,2195,113,2196,113,2197,113,2198,113,2199,113,2200,113,2201,113,2202,113,2203,113,2204,113,2205,113,2206,113,2207,113,2208,113,2209,113,2210,113,2211,113,2212,113,2213,113,2214,113,2215,113,2216,113,2217,113,2218,113,2219,113,2220,113,2221,113,660,141,661,141,662,141,663,141,664,141,665,141,666,141,667,141,668,141,669,141,670,141,671,141,672,141,673,141,674,141,675,141,676,141,677,141,678,141,679,141,680,141,681,141,682,141,683,141,684,141,685,141,686,141,687,141,688,141,689,141,690,141,691,141,692,141,693,141,694,141,695,141,696,141,697,141,698,141,699,141,700,141,701,141,702,141,703,141,704,141,705,141,706,141,707,141,708,141,709,141,710,141,711,141,712,141,713,141,714,141,715,141,716,141,717,141,718,141,719,141,720,141,721,141,722,141,723,141,724,141,725,141,726,141,727,141,728,141,729,141,730,141,2222,141,2223,141,2224,141,2225,141,2226,141,2227,141,2228,141,2229,141,2230,141,2231,141,2232,141,2233,141,2234,141,2235,141,2236,141,2237,141,2238,141,2239,141,2240,141,2241,141,2242,141,2243,141,2244,141,2245,141,2246,141,2247,141,2248,141,2249,141,2250,141,2251,141,2252,141,2253,141,2254,141,2255,141,2256,141,2257,141,2258,141,2259,141,2260,141,2261,141,2262,141,2263,141,2264,141,2265,141,2266,141,2267,141,2268,141,2269,141,2270,141,2271,141,2272,141,2273,141,2274,141,2275,141,2276,141,2277,141,2278,141,2279,141,2280,141,2281,141,2282,141,2283,141,2284,141,2285,141,2286,141,2287,141,2288,141,2289,141,2290,141,2291,141,2292,141,2293,141,2294,141,2295,141,2296,141,2297,141,2298,141,2299,141,2300,141,2301,141,2302,141,2303,141,2304,141,2305,141,2306,141,1809,141,1810,141,1811,141,1812,141,1813,141,2307,141,2308,141,2309,141,2310,141,2311,141,2312,141,2313,141,2314,141,2315,141,2316,141,2317,141,2318,141,2319,141,2320,141,2321,141,2322,141,1043,141,1044,141,1045,141,1046,141,1047,141,1048,141,1049,141,1050,141,1051,141,1052,141,1053,141,1054,141,1055,141,1056,141,1057,141,1058,141,1211,141,1212,106,1213,106,1214,106,1215,106,1216,106,1217,106,1218,106,2323,96,2324,96,2325,91,2326,71,2327,76,2328,41,2329,31,2330,26,2331,16
1587,148,1943,24,1944,47,1945,70,2332,65,1946,93,1948,116,1949,139,1950,162,1070,990,1072,1036,1073,1105,1074,1105,1075,1105,1076,1565,1077,1565,1078,1565,1079,1565,1080,1565,1081,1565,1082,1565,1083,1565,1084,1565,1085,1565,1086,1565,1087,1565,1088,1565,1089,1565,1090,1565,1091,1565,1092,1565,1093,1565,1094,1565,1095,1565,1096,1565,1097,1565,1098,1565,1099,1565,1100,1565,1101,1565,1102,1565,1103,1565,1104,1565,1105,1565,1106,1565,1107,1565,1108,1565,1109,1565,1110,1565,1111,1565,1112,1565,1113,1565,1114,1565,1115,1565,1116,1565,1117,1565,1118,1565,1119,1565,1120,1565,1121,1565,1122,1565,1123,1565,1124,1565,1125,1565,1126,1565,1127,1565,1128,1565,1129,1565,1130,1565,1131,1565,1132,1565,1133,1565,1134,1565,1135,1565,1136,1565,1137,1565,1138,1565,1139,1565,1140,1565,1141,1565,1142,1565,1143,1565,2333,1565,2334,1565,2335,1565,2336,1565,2337,1565,595,1565,2338,1565,2339,1565,2340,1565,2341,1565,2342,1565,2343,1586,2344,1586,2345,1586,2346,1586,2347,1586,2348,1586,2349,1586,2350,1450,2351,1450,2352,1450,2353,1450,2354,1450,2355,1450,2356,1450,63,1450,2357,1450,2358,1450,2359,1450,2360,1450,2361,1450,2362,1450,2363,1450,2364,1450,2365,1450,2366,1450,2367,1450,2368,1450,2369,1450,2370,1450,2371,1450,2372,1450,2373,1450,2374,1450,2375,1450,1371,1381,2376,1381,2377,553,2378,553,2379,553,2380,553,2381,553,2382,553,2383,553,2384,553,2385,553,2386,553,2387,553,2388,553,2389,622,2390,553,2391,553,2392,484,2393,1036,2394,967,2395,898,2396,277
736,15,2397,28,2398,195,2399,502,2400,534,2401,382,2402,566,2403,81,2404,81,2405,136,2406,154,2407,113,2408,172,2409,126,2410,59,2411,26
2310,36,1034,111,2412,661,1794,1541,1795,1541,1796,2091,1797,2091,1798,2311,1799,2311,395,2311,396,2311,398,2311,399,1849,400,1849,401,1849,402,1849,403,1849,404,1849,2413,1849,2414,1849,2415,1849,2416,1492,2417,1492,2418,1492,2419,1492,2420,1492,2421,1492,2422,1492,2423,1492,2424,1492,2425,1471,2426,1471,2427,1450,2428,631,2429,610,2430,589,2431,43
2070,88,1943,31,1944,61,1945,91,1946,121,1948,151,1949,181,1950,211,1070,1291,1072,1351,1073,1441,1074,1441,1075,1441,1076,2041,1077,2041,1078,2041,1079,2041,1080,2041,1081,2041,1421,2041,1422,2041,1423,2041,1424,2041,1425,2041,1426,2041,1427,2041,1428,2041,1429,2041,1430,2041,1431,2041,1432,2041,1433,2041,1434,2041,1435,2041,1436,2041,1437,2041,1438,2041,1439,2041,1440,2041,1441,2041,1442,2041,1443,2041,1444,2041,1445,2041,1446,2041,1447,2041,1448,2041,1449,2041,1450,2041,1451,2041,1452,2071,1453,2071,1454,2071,1455,2071,1456,2071,1457,2071,1458,2071,1459,2071,1460,2071,1461,2071,1462,2071,1463,2071,1464,2071,1465,2071,1466,2071,1467,2071,1468,2071,1469,2071,1470,2071,1471,2071,1472,2071,1473,2071,1803,2071,1804,2071,1805,2071,1806,2071,1807,2071,1808,2071,1809,2071,1810,2071,1811,2071,2432,1312,2433,1312,2434,1312,2435,1243,2436,1243,2437,553,2438,484,2439,346
2280,128,2440,429,2441,459,859,459,860,459,861,459,862,459,863,459,864,459,865,459,866,459,361,459,362,459,363,459,364,1581,868,1581,870,1581,871,1581,872,1581,873,1581,874,1581,2442,1581,2443,1581,2444,1581,2445,1581,2446,1581,2447,1581,2448,1581,2449,1581,2450,1581,2451,1581,2452,1581,2453,1581,2454,1581,2455,1581,2456,1581,2457,1581,2458,1581,2459,1581,2460,1581,462,1581,463,1581,464,1581,465,1581,2461,1581,2462,1581,2463,1581,2464,1581,2465,1581,2466,1581,2467,1846,2468,1846,2469,1846,2470,1846,2471,1846,2472,1846,2473,1846,2474,1846,2475,1846,2476,1846,2477,1846,2478,288,2479,288,2480,288,2481,288,2482,288,2483,288,2484,288,2485,288,2486,288,2487,288,2488,288,2489,288,2490,288,2491,288,2492,288,2493,288,2494,288,2495,288,2496,288,2497,288,2498,288,2499,288,2500,288,2501,288,2502,288,2503,288,2504,288,2505,288,2506,288,2507,288,2508,288,2509,288,2510,288,2511,288,2512,288,2513,288,2514,288,2515,288,2516,288,2517,288,2518,288,2519,288,2520,288,2521,288,2522,288,2523,288,2524,288,2525,288,2526,288,2527,288,2528,288,2529,288,2530,288,2531,288,2532,288,2533,288,2534,288,2535,288,2536,288,2537,288,2538,288,2539,288,2540,288,2541,350,2542,266,2543,206,2544,393,2545,451
432,62,2546,73,2547,49,2548,73,2549,73,2550,97,2551,97,2552,289,2553,289,2554,289,2555,289,2556,289,2557,289,2558,289,2559,433,2560,433,2561,433,2562,433,2563,433,2564,433,2565,433,2566,433,2567,433,2568,433,2569,433,2570,433,2571,433,2572,433,2573,433,2574,433,2575,433,2576,397,2577,397,591,289,592,289,593,289,2578,289,2579,289,2580,289,2581,289,2582,289,2583,289,2584,289,2585,289,2586,289,2587,289,2588,289,2589,289,2590,289,2591,289,2592,289,2593,289,2594,289,2595,289,2596,289,2597,289,2598,289,2599,289,2600,289,2601,220,2602,127,2603,91,2604,73
3726,101,1943,55,1944,109,1945,163,1946,217,2605,271,2606,649,2607,919,2608,973,1067,1837,2000,1891,2001,2593,2002,2647,2003,2701,2004,2755,2005,2809,2007,3673,2008,3673,2009,3673,2010,3673,2011,3673,2012,3673,2013,3673,2014,3673,2015,3673,2016,3673,2017,3673,2018,3673,2019,3673,2020,3673,2021,3673,2022,3673,2023,3673,2024,3673,2025,3673,2026,3673,2027,3673,2028,3673,2029,3673,2030,3673,2031,3673,2032,3673,2033,3673,2034,3673,2035,3673,2036,3673,2037,3673,2038,3673,2039,3673,2040,3673,2041,3673,2042,3673,2043,3673,2044,3673,2045,3673,2046,3673,2047,3673,2048,3673,2049,3673,2050,3673,2051,3673,2609,3673,2610,3673,2611,3673,2612,3673,2613,3673,2614,3673,2615,3673,2616,3673,2617,3673,2618,3673,2619,3673,2620,3673,2621,3673,2622,3673,2623,3673,2624,3673,2625,3061,2626,3061,2627,3061,2628,3061,2629,3061,2630,3061,2631,3061,2632,3061,2633,2834,2634,2834,2635,2765,2636,2590,2637,2558,2638,2282,2639,2213,2640,2144,2641,1937,2642,1445,2643,897,2644,828,2645,759,2646,690,2647,553,2648,415,2649,139
1173,110,1943,18,1944,35,1945,52,1946,69,1948,86,1949,103,1950,120,1070,732,1072,766,1073,817,1074,817,1075,817,1076,1157,1077,1157,1078,1157,1079,1157,1080,1157,1081,1157,1421,1157,1422,1157,1423,1157,1424,1157,1425,1157,1426,1157,1427,1157,1428,1157,1429,1157,1430,1157,1431,1157,1432,1157,1433,1157,1434,1157,1435,1157,1436,1157,1437,1157,1438,1157,1439,1157,1440,1157,1441,1157,1442,1157,1443,1157,1444,1157,1445,1157,1446,1157,1447,1157,1448,1157,1449,1157,1450,1157,1451,1157,1452,1174,1453,1174,1454,1174,1455,1174,1456,1174,1457,1174,1458,1174,1459,1174,1460,1174,1461,1174,1462,1174,1463,1174,1464,1174,1465,1174,1466,1174,1467,1174,1468,1174,1469,1174,1470,1174,1471,1174,1472,1174,1473,1174,1803,1174,1804,1174,1805,1174,1806,1174,1807,1174,1808,1174,1809,1174,1810,1174,1811,1174,1812,1174,1813,1174,1814,1174,1815,1174,1816,1174,1817,1174,1818,1174,1819,1174,1820,1174,1821,1174,1822,1174,1823,1174,1824,1174,1825,1174,1826,1174,1827,1174,1828,1174,1829,1174,1830,484,1831,484,1717,415,1718,415,1720,415,1721,415,1722,415,1723,415,1724,208,533,70,2650,139,2651,70
425,14,2652,26,2653,76,2654,151,2655,176,2656,201,2657,423,2658,423,2659,423,2660,423,2661,340,2662,406,2663,355,2664,338,2665,18
936,57,894,92,895,126,896,204,897,308,898,512,899,617,2666,617,900,577,901,602,902,602,903,867,904,867,905,867,906,867,907,867,908,867,909,867,910,867,911,867,912,867,913,867,914,867,915,867,916,867,917,867,918,867,919,867,920,867,921,867,922,867,923,867,924,867,925,867,926,867,927,867,928,867,929,867,930,867,931,867,932,867,933,867,934,867,935,867,936,867,937,397,938,397,939,397,940,397,2667,337,941,361,942,325,2668,217,2669,181,2670,145,2671,109,2672,73,2673,37
27,23,2674,10,2675,10,2676,19,2677,19,406,28,407,28,408,28,409,28,2678,28,2679,28,2680,28,2681,28,2682,28,2683,28,2684,28,2685,19,2686,19,2687,7,2688,7,2689,7,2690,7,2691,7,2692,7
246,30,2693,7,2694,13,2695,31,487,67,488,73,2696,61,2697,99,2698,99,2699,105,2700,105,493,135,494,135,495,135,496,135,2701,135,2702,135,2703,135,2704,135,2705,135,2706,135,2707,135,2708,135,2709,135,2710,135,2711,135,2712,135,2713,135,2714,135,2715,135,2716,49
666,11,313,75,314,130,315,326,316,412,317,459,318,156,319,120,221,55,2717,37,2718,37,2719,37
1200,11,2720,101,2721,273,2722,298,2723,323,2724,393,2725,418,2726,464,2727,480,2728,500,2729,546,2730,487
1078,130,2731,155,2732,177,2733,322,2734,410,2735,586,2736,608,2737,608,2738,630,2739,630,2740,630,2741,630,2742,630,2743,630,2744,740,2745,740,2746,740,813,806,814,806,815,806,816,806,817,828,818,828,819,828,820,828,821,828,822,828,31,828,32,828,33,828,34,828,35,828,36,828,37,828,38,828,39,828,40,828,41,828,42,828,43,828,44,828,515,828,516,828,517,828,518,828,823,828,824,828,825,828,826,828,827,828,828,828,829,828,830,828,831,828,832,828,833,828,834,828,835,828,836,828,837,828,838,495,839,495,840,495,841,495,842,495,843,495,844,495,845,495,846,495,847,495,848,495,850,495,851,495,852,495,853,495,854,495,855,495,2747,495,2748,495,2749,495,2750,495,2751,495,2752,495,2753,495,2754,495,2755,495,2756,495,2757,495,2758,495,2759,495,2760,495,2761,495,2762,495,2763,495,2764,495,2765,495,2766,495,2767,495,2768,495,2769,495,2770,495,2771,495,2772,495,2773,495,2774,495,2775,495,2776,495,2777,495,2778,495,2779,495,2780,495,2781,495,2782,495,2783,495,2784,495,2785,495,2786,495,2787,495,2788,495,2789,495,2790,495,2791,495,2792,495,2793,638,2794,638,2795,638,2796,444,2797,589,2798,540,2799,295,2800,246
1287,14,2801,40,2802,274,2803,426,2804,426,306,1422,307,1422,2805,696,2806,663,1545,663,1546,663,440,1248,1711,252,2807,252,2808,252
704,104,377,33,378,65,379,97,380,33,381,161,382,193,383,225,385,513,386,513,387,513,388,513,389,513,1853,513,1854,513,1855,513,1856,513,1857,513,1858,513,1859,513,1860,513,1861,513,1862,513,2809,513,2810,577,2811,577,2812,577,2813,577,2814,577,2815,577,2816,577,2817,577,2818,577,2819,577,2820,577,2821,577,2822,577,2823,577,2824,577,2825,577,2826,577,2827,577,894,705,895,705,896,705,897,705,898,705,899,705,2828,705,2829,705,1869,705,1870,705,1871,705,1872,705,1873,705,1874,705,1875,705,2830,705,11,705,12,705,13,705,2438,705,2439,705,2831,705,2832,705,2833,705,2834,705,2835,705,2836,705,2837,705,2838,705,2839,705,2840,705,2841,705,2397,705,2842,705,1938,705,1939,705,2843,705,2844,705,2845,705,2846,705,2847,705,2848,705,2849,705,2850,705,2851,705,2852,705,2853,705,2854,705,2855,705,2856,705,2857,705,2858,683,2859,683,2860,221,2861,199,2862,177,2863,133,2864,83,2865,111,2866,67,2867,67,2868,23,2869,23
480,17,2870,121,2871,151,2872,211,2873,241,413,274,414,304,790,304,791,318,792,297,793,297,2874,183,2875,183,2876,183,2877,209,2878,209,2879,188,2880,177
546,21,2881,45,2882,74,2883,130,2884,43,2885,55,2886,178,2887,185,2888,264,2445,278,2889,297,2890,297,2891,297,2892,304,2893,304,2894,310,2895,189,2896,244,2897,244,2898,244,2899,205,2900,205
667,19,1321,61,1322,84,1715,107,1716,154,1717,364,1718,387,1719,344,1720,432,1721,368,1722,368,1723,368,1724,368,77,101,78,101,2901,101,2902,101,2903,117,2904,117,2905,117
1680,86,2726,211,2906,246,2907,281,2908,316,272,421,273,774,274,841,275,841,436,1681,437,1681,438,1681,439,1681,109,1681,440,1681,1711,1681,2807,1681,2808,1681,2909,1681,2444,1681,2445,1681,2446,1681,2447,1681,2448,1681,2449,1681,2450,1681,2451,1681,2452,1681,2453,1681,2454,1681,2455,1681,2456,1681,2457,1681,2458,1681,2459,1681,2460,1681,462,1681,463,1681,464,1681,465,1681,2461,1681,2462,1681,2463,1681,2464,1681,2465,1681,2466,1681,2467,1681,2468,1681,2469,1681,2470,1681,2471,1681,2472,1681,2473,1489,2474,1489,2475,1489,2476,1489,2477,1489,2478,1489,2479,1489,2480,1489,2481,1153,2482,1153,2483,1153,2910,49,2911,49,2912,49,2913,49,2914,49,2915,49,2916,49,2917,49,2918,49,2919,49,2920,49,2921,49,2922,49,2923,49,2924,49,2925,49,2926,49,2927,49,2928,97,2929,49,2930,97,2931,49,2932,49,2933,49
680,42,308,40,309,108,310,125,441,142,442,200,443,217,444,291,445,341,446,289,447,306,448,486,449,486,450,486,451,486,2934,486,2935,486,2936,486,2937,486,2938,486,2939,486,2940,61,2941,61,2942,61,2943,256,2944,256,2945,256,2946,256,2947,256,2948,256,2949,256,2950,256,2951,256,2952,256,2953,256,2674,256,2954,256,2955,256,2956,256,2957,256,2958,131,2651,216,2959,171
140,209,611,36,612,106,613,106,614,141,615,141,616,141,617,141,618,141,619,141,620,141,621,141,622,141,623,141,624,141,625,141,626,141,627,141,628,141,629,141,630,141,631,141,632,141,633,141,634,141,635,141,636,141,2960,141,2961,141,2962,141,2963,141,2964,141,2965,141,2966,141,2967,141,2968,141,2969,141,2970,141,2971,141,2972,141,2973,141,2974,141,2975,141,2976,141,2977,141,2978,141,2979,141,2980,141,2981,141,2982,141,2983,141,2984,141,2985,141,2986,141,2987,141,2988,141,2989,141,2990,141,2991,141,2992,141,2993,141,2994,141,2995,141,2996,141,2997,141,2998,141,2999,141,3000,141,3001,141,3002,141,3003,141,3004,141,3005,141,3006,141,3007,141,3008,141,3009,141,3010,141,3011,141,3012,141,3013,141,3014,141,3015,141,3016,141,3017,141,3018,141,3019,141,3020,141,3021,141,3022,141,3023,141,3024,141,3025,141,3026,141,3027,141,3028,141,3029,141,3030,141,3031,141,3032,141,3033,141,3034,141,3035,141,3036,141,3037,141,3038,141,3039,141,3040,141,3041,141,3042,141,3043,141,3044,141,3045,141,3046,141,3047,141,3048,141,3049,141,3050,141,3051,141,3052,141,3053,141,3054,141,3055,141,3056,141,3057,141,3058,141,3059,141,3060,141,3061,141,3062,141,3063,141,3064,141,3065,141,3066,141,3067,141,3068,141,3069,141,3070,141,3071,141,3072,141,3073,141,3074,141,3075,141,3076,141,3077,141,3078,141,3079,141,3080,141,3081,141,3082,141,3083,141,3084,141,3085,141,3086,141,3087,101,3088,101,3089,101,3090,101,3091,101,3092,101,3093,101,3094,101,3095,101,3096,101,3097,101,3098,101,3099,101,3100,101,3101,101,3102,101,3103,101,3104,101,3105,101,3106,101,3107,101,3108,101,3109,101,3110,101,3111,101,3112,101,3113,101,3114,101,3115,101,3116,101,3117,101,3118,101,3119,101,3120,101,3121,101,3122,101,3123,101,3124,101,3125,101,3126,101,3127,101,3128,77,3129,77,3130,77,3131,77,3132,77,3133,77,3134,77,3135,77,3136,77,3137,69,3138,73,3139,65,3140,61,3141,33,3142,25
110,39,3143,12,3144,23,3145,111,3146,111,3147,111,1040,111,1790,111,3148,111,3149,111,3,111,4,111,5,111,6,111,7,111,8,111,10,111,3150,111,3151,111,3152,111,949,111,950,111,951,111,952,111,953,111,954,111,955,111,3153,111,3154,111,3155,111,3156,111,3157,111,3158,111,3159,111,3160,51,3161,51,3162,51,3163,51,3164,51,3165,51
1491,111,3166,85,3167,106,3168,127,3169,148,3170,169,3171,190,3172,211,3173,211,3174,211,3175,211,3176,148,3177,148,3178,148,3179,232,3180,253,1069,778,1070,946,1071,757,1072,988,1073,1051,1074,1051,1075,1051,1076,1471,1077,1471,1078,1471,1079,1471,1080,1471,1081,1471,1421,1471,1422,1471,1423,1471,1424,1471,1425,1471,1426,1471,1427,1471,1428,1471,1429,1471,1430,1471,1431,1471,1432,1471,1433,1471,1434,1471,1435,1471,1436,1471,1437,1471,1438,1471,1439,1471,1440,1471,1441,1471,1442,1471,1443,1471,1444,1471,1445,1471,1446,1471,1447,1471,1448,1471,1449,1471,1450,1471,1451,1471,1452,1492,1453,1492,1454,1492,1455,1492,1456,1492,1457,1492,1458,1492,1459,1492,1460,1492,1461,1492,1462,1492,1463,1492,1464,1492,1465,1492,1466,1492,1467,1492,1468,1492,1469,1492,1470,1492,1471,1492,1472,1492,1473,1492,1803,1492,1804,1492,1805,1492,1806,1492,1807,1492,1808,1492,1809,1492,1810,1492,1811,1492,1812,1492,1813,1492,1814,1492,1815,1492,1816,1492,1817,1492,1818,1492,3181,995,1876,995,3182,995,3183,995,3184,995,3185,995,3186,853,3187,782,3188,711,3189,711,3190,640,3191,285,3192,214,3193,72
1222,118,306,1035,3194,330,307,1082,308,1082,309,1082,310,1082,441,1082,442,1082,443,1082,444,1082,445,1082,446,1082,447,1082,448,1082,449,1082,450,1082,451,1082,2934,1082,2935,1082,2936,1082,2937,1082,2938,1082,2939,1082,3195,1082,877,1082,879,1082,880,1082,881,1082,882,1082,883,1082,884,1082,885,1082,886,1082,887,1082,3196,1082,3197,1082,3198,1082,3199,1082,3200,1082,3201,1082,3202,1082,3203,1082,3204,1082,3205,1082,3206,1082,3207,1082,3208,1082,3209,1082,3210,1082,3211,1082,3212,1082,3213,1082,3214,1082,3215,1082,3216,1082,3217,1082,3218,1082,1915,1082,3219,1082,3220,1082,3221,1082,3222,1082,3223,1082,3224,1082,1296,1082,1297,1082,1298,1082,1299,1082,1300,1082,1301,1082,1302,1082,1303,1082,1304,1082,1305,1082,1306,1082,1307,1082,1308,1082,1309,1082,1313,1082,1314,1082,1315,1082,1316,1082,1317,1082,2663,1082,2664,1082,3225,1082,3226,1082,3227,1082,3228,1082,3229,1082,3230,1082,3231,1082,3232,1082,3233,1082,3234,1181,3235,1181,3236,1181,3237,1181,3238,1181,3239,1181,3240,1181,3241,1181,3242,1181,3243,1181,3244,1181,3245,1181,3246,1181,3247,1181,3248,1181,3249,859,3250,859,3251,729,3252,859,3253,859,3254,859,3255,729,3256,703,3257,573
272,92,326,35,3258,35,327,52,3259,52,1702,52,1703,52,1704,52,3260,52,3261,69,3262,69,3263,69,590,69,3264,273,3265,273,3266,273,3267,273,3268,273,3269,273,3270,273,2943,273,791,273,3271,273,876,273,3272,273,3273,273,457,273,458,273,460,273,461,273,462,273,463,273,464,273,465,273,2461,273,2462,273,2463,273,2464,273,2465,273,2466,273,2467,273,2468,273,2469,273,2470,273,2471,273,2472,273,2473,273,2474,273,2475,273,2476,273,2477,273,3274,273,3275,273,3276,273,3277,273,3278,273,3279,273,3280,273,3281,273,3282,273,3283,273,3284,273,3285,273,3286,273,3287,273,3288,273,3289,273,3290,273,3291,273,3292,273,3293,273,3294,273,3295,273,3296,273,3297,273,3298,273,3299,273,3300,273,3301,273,3302,273,3303,273,3304,273,3305,273,3306,273,3307,257,3308,257,3309,257,3310,113,3311,113,3312,113,3313,113,3314,97,3315,33
1156,40,3316,273,3317,76,3318,341,3319,545,3320,613,3321,613,3322,681,3323,681,3324,681,3325,681,3326,1157,3327,1157,3328,1157,3329,1157,3330,1157,3331,1157,3332,324,3333,324,3334,324,3335,324,3336,324,3337,324,3338,324,3339,324,3340,324,3341,324,3342,324,3343,103,3344,103,3345,103,3346,188,3347,171,3348,154,3349,52,3350,35,3351,35,497,86,498,52,499,35,500,18
775,106,3352,75,3353,100,3354,149,3355,174,3356,126,3357,176,3358,551,3359,576,3360,501,3361,601,3362,601,3363,601,3364,676,3365,676,3366,676,3367,676,3368,676,3369,676,3370,676,3371,676,3372,676,3373,676,3374,772,3375,772,3376,772,3377,772,3378,772,3379,772,3380,772,3381,772,3382,772,3383,772,3384,772,3385,772,3386,772,3387,772,3388,772,3389,772,3390,772,3391,772,3392,772,3393,772,3394,772,3395,772,3396,772,3397,772,3398,745,3399,745,3400,745,3401,745,3402,745,3403,745,3404,745,3405,745,3406,745,3407,745,3408,745,3409,745,3410,745,3411,745,3412,745,3413,745,3414,745,3415,745,3416,745,3417,745,3418,745,3419,745,3420,745,3421,745,3422,745,3423,745,3424,745,3425,745,3426,745,3427,745,3428,745,3429,745,3430,745,3431,745,3432,745,3433,745,3434,745,3435,745,3436,745,3437,745,3438,745,3439,745,3440,745,3441,745,3442,745,3443,745,3444,745,3445,745,3446,745,3447,745,3448,745,3449,745,3450,714,3451,714,3452,714,3453,591,3454,559,3455,528,3456,497,3457,435
1272,13,3458,109,3459,31,3460,37,3461,64,3462,151,3463,295,1834,535,1835,139,1836,177,1837,195,291,166,1838,213,1839,160
378,24,1721,22,3464,22,3465,22,3466,22,3467,10,3468,10,3469,10,898,10,899,10,900,64,901,64,902,64,903,64,904,64,905,64,906,64,907,64,908,64,3470,87,909,112,910,76,911,40,912,22,913,15
2208,149,1061,129,1062,161,1063,385,1064,417,1065,449,1066,481,1067,737,2000,769,2001,1185,2002,1217,2003,1249,2004,1281,2005,1313,2006,1656,2007,1825,2008,1825,2009,1825,2010,1825,2011,1825,2012,1825,2013,1825,2014,1825,2015,1825,2016,1825,2017,1825,2018,1825,2019,1825,2020,1825,2021,1825,2022,1825,3471,1825,3472,1825,3473,1825,3474,1825,3475,1825,3476,1825,3477,1825,3478,1825,3479,1825,3480,1825,3481,1825,3482,1825,3483,1825,3484,1825,3485,1825,3486,1825,3487,1825,3488,1825,3489,1825,3490,1825,3491,1825,3492,1825,3493,1825,3494,1825,3495,1825,3496,1825,3497,1825,3498,1825,3499,1825,3500,1825,3501,1857,3502,1857,3503,1857,3504,1857,3505,1857,3506,1857,3507,1857,3508,1857,3509,1857,3510,1857,3511,1857,3512,1857,3513,1857,3514,1857,3515,1857,3516,1857,3517,1857,3518,1857,3519,1857,3520,1857,3521,1857,3522,1857,3523,1857,3524,1857,3525,1857,3526,1857,3527,1857,3528,1857,3529,1857,3530,1857,3531,1857,3532,1857,3533,1857,3534,1857,3535,1857,3536,1857,3537,1857,3538,1857,3539,1857,3540,1857,3541,1857,3542,1857,3543,1857,3544,1857,3545,1857,3546,1857,3547,1857,3548,1857,3549,1857,3550,1857,3551,1857,3552,1857,3553,1857,3554,1857,3555,1857,3556,1857,3557,1857,3558,1857,3559,1857,3560,1857,3561,1857,3562,1857,3563,2209,3564,2209,3565,2209,3566,2209,3567,2209,3568,2209,3569,2209,3570,1588,3571,1588,3572,1588,3573,1588,3574,1588,3575,1588,3576,1588,3577,1588,3578,1588,3579,1588,3580,1588,3581,1588,3582,1588,3583,1519,3584,1519,3585,1312,3586,1450,3587,1174,3588,691,3589,622
5680,214,3166,321,3167,401,3168,481,3169,561,3170,641,3171,721,3172,801,3173,801,3174,801,3175,801,3176,561,3177,561,3178,561,3179,881,3180,961,1069,2961,1070,3601,1071,2910,1072,3761,1073,4001,1074,4001,1075,4001,1076,5601,1077,5601,1078,5601,1079,5601,1080,5601,1081,5601,1421,5601,1422,5601,1423,5601,1424,5601,1425,5601,1426,5601,1427,5601,1428,5601,1429,5601,1430,5601,1431,5601,1432,5601,1433,5601,1434,5601,1435,5601,1436,5601,1437,5601,1438,5601,1439,5601,1440,5601,1441,5601,1442,5601,1443,5601,1444,5601,1445,5601,1446,5601,1447,5601,1448,5601,1449,5601,1450,5601,1451,5601,1452,5681,1453,5681,1454,5681,1455,5681,1456,5681,1457,5681,1458,5681,1459,5681,1460,5681,1461,5681,1462,5681,1463,5681,1464,5681,1465,5681,1466,5681,1467,5681,1468,5681,1469,5681,1470,5681,1471,5681,1472,5681,1473,5681,1474,5681,1475,5681,1476,5681,1477,5681,1478,5681,1479,5681,1480,5681,1481,5681,1482,5681,1483,5681,1484,5681,1485,5681,1486,5681,1487,5681,1488,5681,1489,5681,1490,5681,1491,5681,1492,5681,1493,5681,1494,5681,1495,5681,1496,5681,1497,5681,1498,5681,1499,5681,1500,5681,1501,5681,1502,5681,1503,5681,1504,5681,1505,5681,1506,5681,1507,5681,1508,5681,1509,5681,1510,5681,1511,5681,1512,5681,1513,5681,1514,5681,1515,5681,1516,5681,1517,5681,1518,5681,1519,5681,1520,5681,1521,5681,1522,5681,1523,5681,1524,5681,1525,5681,1526,5681,1527,5681,1528,5681,1529,5681,1530,5681,1531,5681,1532,5681,1533,5681,1534,5681,1535,5681,1536,5681,1537,5681,1538,5681,1539,5681,1540,5681,1541,5681,1542,5681,1543,5681,1544,5681,1545,5681,1546,5681,110,5681,111,5681,112,5681,113,5681,114,5681,115,5681,116,5681,117,5681,118,5681,119,5681,120,5681,121,5681,122,5681,123,5681,124,5681,125,5681,126,5681,127,5681,128,5681,129,5681,130,5681,131,5681,132,5681,133,5681,134,5681,135,5681,136,5681,137,5681,138,5681,139,5681,140,5681,141,5681,142,5681,143,5681,144,5681,145,5681,146,5681,147,5681,148,5681,149,5681,150,5681,151,5681,152,5681,153,5681,154,5681,155,5610,3590,3622,3591,3551,3592,3480,3593,3267,3594,3196,3595,2983,3596,2415,3597,2344,3598,1771,3599,2202,3600,853,3601,356,3602,285,3603,143
800,45,3604,21,3605,41,3606,61,3267,209,3268,189,3269,189,3270,189,2943,689,2944,689,2945,689,2946,689,2947,769,2948,769,2949,769,2950,769,2951,641,2952,641,2953,641,2674,641,2954,641,2955,641,2902,561,2903,561,1017,561,1018,561,1019,561,1020,561,1021,561,1022,561,1023,561,1024,561,1025,561,1026,561,1027,561,1028,561,1029,561,1030,521,1031,521,1032,521,1033,521,1034,481,3607,397,1035,441,3608,441,3609,361
224,31,3610,52,3611,94,3612,108,3613,108,3614,108,3615,108,2881,108,2882,108,2883,108,3616,108,3617,108,3618,108,3619,108,3620,108,3621,108,3622,108,2894,135,3623,135,3624,135,3625,135,3626,135,3627,135,3628,149,3629,149,3630,73,3631,73,3632,57,3633,69,3634,57,3635,25,3636,17
385,18,3263,36,3637,71,424,135,3638,166,3639,166,3640,199,3641,199,3642,199,3643,199,3644,199,2719,199,3645,298,3646,277,3647,287,3648,254,3649,100,3650,78,3651,23
2128,29,3652,343,3653,381,3654,799,3655,799,3656,837,3657,837,2602,1521,2603,1521,2604,1521,3658,1521,3659,1521,3660,1521,3661,1521,3662,1521,553,1521,554,1521,3663,2129,3664,2129,3665,2129,3666,2129,3667,673,3668,673,3669,673,3670,561,3671,393,3672,337,3673,225,3674,169,3675,57
884,13,3676,25,3677,25,3678,25,3679,25,3680,25,3681,25,2887,25,3682,632,3683,85,3684,17,3685,648,3686,742,3687,514
450,63,3688,26,3203,102,3204,128,3205,153,3206,154,3207,154,3208,154,3209,154,3210,154,3211,154,3212,154,3213,154,3214,154,3215,154,3216,154,3217,154,3218,154,1915,154,3219,154,3220,154,3221,154,3222,154,3223,154,3224,154,1296,154,1297,154,1298,154,1299,154,1300,154,1301,154,1302,154,1303,154,1304,154,1305,154,1306,154,1307,154,1308,154,1309,154,3689,145,3690,145,3691,145,3692,145,3693,145,3694,145,3695,145,3696,145,1409,442,1410,442,1411,442,1412,442,1413,442,1414,442,1416,442,1417,442,1418,442,1419,442,1420,442,3697,442,3698,424,3699,406,3700,406,3701,334,3702,19
432,16,3703,37,3704,81,3705,139,3706,235,3707,221,3708,221,3709,237,3710,319,3711,319,3712,164,3713,164,3714,164,3715,164,3716,83,1206,95,1207,95
726,40,3717,628,3718,397,3719,661,3720,727,3721,727,3722,727,3723,727,3724,727,3725,727,3726,727,3727,727,3728,727,3729,727,3730,727,3731,727,3732,727,3733,727,3734,727,3735,727,3736,727,3737,727,3738,727,3739,727,3740,727,3741,727,3742,727,3743,727,3744,727,3745,727,3746,727,3747,727,3748,727,3749,595,3750,177,3751,155,3752,155,3753,85,3754,89,3755,67,3756,23
1020,187,3757,358,3758,402,3759,511,3760,511,3761,511,3762,511,3763,511,3764,511,3765,562,3766,562,3767,562,3768,562,3769,562,3770,562,3358,562,3359,562,3361,562,3362,562,3363,562,3364,1021,3365,1021,3366,1021,3367,1021,3368,1021,3369,1021,3370,1021,3371,1021,3372,1021,3373,1021,3374,1021,3375,1021,3376,1021,3377,1021,3378,1021,3379,1021,3380,1021,3381,1021,3382,1021,3383,1021,3384,1021,3385,1021,3386,1021,3387,1021,3388,1021,3389,1021,3390,1021,3391,1021,3392,1021,3393,1021,3394,1021,3395,1021,3396,1021,3397,1021,3771,581,3772,581,3773,581,3774,581,3775,581,3776,581,3777,581,3778,581,3779,581,3780,581,3781,581,3782,581,3783,581,3784,581,3785,581,3786,581,3787,581,3788,581,3789,581,3790,581,3791,581,3792,581,3793,581,3794,581,3795,581,3796,581,3797,581,3798,581,3799,581,3800,581,3801,581,3802,581,3803,581,3804,581,3805,581,3806,581,3807,581,3808,581,3809,581,3810,581,3811,581,3812,581,3813,581,3814,581,3815,581,3816,581,3817,581,3818,581,3819,581,3820,421,3821,421,3822,421,3823,421,3143,421,3824,421,3825,421,3826,421,3827,421,3828,421,3829,421,3830,421,3831,421,3832,421,3833,421,3834,421,3835,421,3836,421,3837,421,3838,421,3839,421,3840,421,392,421,3841,421,3842,421,3843,421,3844,421,3845,421,3846,421,3847,421,3848,421,3849,421,3850,421,3851,421,3852,421,3853,421,3854,421,3855,421,2681,421,2682,421,2683,421,2684,421,2685,421,2686,421,2687,421,2688,421,3856,421,3857,421,3858,421,3859,421,3860,421,3861,421,3862,421,3863,421,3864,421,3640,421,3641,421,3642,421,3643,421,3644,421,2719,421,3645,421,3647,421,3865,421,3866,421,3867,421,3868,421,3869,421,3870,421,3871,421,3872,421,3873,421,3874,421,3875,421,469,421,470,421,471,421,473,421,474,381,3876,321,475,361,476,181,477,161,478,161,3877,141
609,6,3878,50,3879,227,3880,256,3881,285,3187,195,1,234
1020,129,3882,740,3883,549,3884,774,3885,774,3886,876,3887,876,3888,876,3889,876,3890,876,3891,876,3892,876,3893,876,3894,876,3895,876,3896,876,3897,876,3898,876,3899,876,3900,876,3901,876,3902,876,3903,876,3904,876,3905,876,3906,876,3907,876,3908,876,3909,876,3910,876,2810,971,2811,971,2812,971,2813,971,2814,971,2815,971,2816,971,2817,971,2818,403,2819,403,2820,403,2821,403,2822,403,2823,403,2824,403,2825,403,2826,403,2827,403,894,409,895,409,896,409,897,409,898,409,899,409,2828,409,2829,409,1869,409,1870,409,1871,409,1872,409,1873,409,1874,409,1875,409,2830,409,11,409,12,409,13,409,2438,409,2439,409,2831,409,2832,409,2833,409,2834,409,2835,409,2836,409,2837,409,2838,409,2839,409,2840,409,2841,409,2397,409,2842,409,1938,409,1939,409,2843,409,2844,409,2845,409,2846,409,2847,409,2848,409,2849,409,2850,409,2851,409,2852,409,2853,409,2854,409,2855,409,2856,409,2857,409,2858,409,2859,409,2860,409,2862,409,2863,409,2865,409,2866,409,2867,409,2868,409,3911,409,3912,209,3913,209,3914,209,3915,209,3916,209,3917,209,3918,209,3919,209,3920,209,3921,209,3922,209,3923,209,3924,209,3925,299,3926,151,3927,121,3928,91,3929,91,3930,149,3931,119,3932,89
493,62,2953,204,2674,233,2954,262,3933,262,2955,291,2956,291,2957,291,2651,291,2959,291,1709,291,3934,291,3935,291,3936,291,3937,291,3938,291,3939,291,3879,291,3880,291,3881,291,1,291,3940,291,2317,291,2318,291,2319,291,2320,291,2321,291,2322,291,1043,494,1044,494,1045,494,1046,494,1047,494,1048,494,1049,494,1050,494,1051,494,1052,494,1053,494,1054,494,1055,494,1056,494,1057,494,1058,494,1211,494,1212,375,1213,375,1214,375,1215,375,1216,375,1217,375,1218,375,2323,341,2324,341,2325,324,2327,273,2328,154,2329,120,2330,103,2331,69,3941,52,3942,35,3943,18
437,33,3825,20,3826,39,3827,58,3828,92,3829,111,3830,216,3831,235,3832,268,3833,287,3834,318,3835,337,3836,348,3837,367,3838,386,3839,386,3840,382,392,382,3841,382,3842,382,3843,382,3844,382,3845,382,3846,382,3847,382,3848,382,3849,382,3850,382,3851,382,3852,382,3853,382,3854,361,3855,361,2681,361
126,16,3878,37,3944,49,3945,49,3946,61,3947,61,3212,97,3213,97,3214,97,3215,97,3216,97,3217,97,3218,115,1915,115,3219,127,3220,127,3221,106
306,8,2651,64,2959,81,3948,77,400,230,3949,186,401,213,402,156,403,117
